insert into PUBLIC.DIRECTOR (ID, NAME, START_DATE) values (1, 'Director', '2023-12-29 11:52:25.899587');
insert into PUBLIC.DIRECTOR (ID, NAME, START_DATE) values (2, 'Director', '2023-12-29 11:52:29.136095');
insert into PUBLIC.DIRECTOR (ID, NAME, START_DATE) values (3, 'Director', '2023-12-29 11:52:29.637007');
insert into PUBLIC.DIRECTOR (ID, NAME, START_DATE) values (4, 'Director', '2023-12-29 11:52:30.071124');
insert into PUBLIC.DIRECTOR (ID, NAME, START_DATE) values (5, 'Director', '2023-12-29 11:52:30.384196');
insert into PUBLIC.DIRECTOR (ID, NAME, START_DATE) values (6, 'Director', '2023-12-29 11:52:30.763074');
insert into PUBLIC.DIRECTOR (ID, NAME, START_DATE) values (7, 'Director', '2023-12-29 11:52:31.031071');
insert into PUBLIC.DIRECTOR (ID, NAME, START_DATE) values (8, 'Director', '2023-12-29 11:52:31.260313');
insert into PUBLIC.DIRECTOR (ID, NAME, START_DATE) values (9, 'Director', '2023-12-29 11:52:31.498710');
insert into PUBLIC.DIRECTOR (ID, NAME, START_DATE) values (10, 'Director', '2023-12-29 11:52:31.972865');
insert into PUBLIC.DIRECTOR (ID, NAME, START_DATE) values (11, 'Director', '2023-12-29 11:52:32.189069');
insert into PUBLIC.DIRECTOR (ID, NAME, START_DATE) values (12, 'Director', '2023-12-29 11:52:32.700608');
insert into PUBLIC.DIRECTOR (ID, NAME, START_DATE) values (13, 'Director', '2023-12-29 11:52:32.976063');
insert into PUBLIC.DIRECTOR (ID, NAME, START_DATE) values (14, 'Director', '2023-12-29 11:52:33.206117');
insert into PUBLIC.DIRECTOR (ID, NAME, START_DATE) values (15, 'Director', '2023-12-29 11:52:33.352735');
insert into PUBLIC.DIRECTOR (ID, NAME, START_DATE) values (16, 'Director', '2023-12-29 11:52:33.537159');
insert into PUBLIC.DIRECTOR (ID, NAME, START_DATE) values (17, 'Director', '2023-12-29 11:52:33.728343');
insert into PUBLIC.DIRECTOR (ID, NAME, START_DATE) values (18, 'Director', '2023-12-29 11:52:33.908635');
insert into PUBLIC.DIRECTOR (ID, NAME, START_DATE) values (19, 'Director', '2023-12-29 11:52:34.072693');
insert into PUBLIC.DIRECTOR (ID, NAME, START_DATE) values (20, 'Director', '2023-12-29 11:52:34.221729');
insert into PUBLIC.DIRECTOR (ID, NAME, START_DATE) values (21, 'Director', '2023-12-29 11:52:34.393656');
insert into PUBLIC.DIRECTOR (ID, NAME, START_DATE) values (22, 'Director', '2023-12-29 11:52:34.580701');
insert into PUBLIC.DIRECTOR (ID, NAME, START_DATE) values (23, 'Director', '2023-12-29 11:52:34.722515');
insert into PUBLIC.DIRECTOR (ID, NAME, START_DATE) values (24, 'Director', '2023-12-29 11:52:34.891853');
insert into PUBLIC.DIRECTOR (ID, NAME, START_DATE) values (25, 'Director', '2023-12-29 11:52:35.059240');
insert into PUBLIC.DIRECTOR (ID, NAME, START_DATE) values (26, 'Director', '2023-12-29 11:52:35.222278');
insert into PUBLIC.DIRECTOR (ID, NAME, START_DATE) values (27, 'Director', '2023-12-29 11:52:35.384346');
insert into PUBLIC.DIRECTOR (ID, NAME, START_DATE) values (28, 'Director', '2023-12-29 11:52:35.519931');
insert into PUBLIC.SCHOOL (ID, LOCATION, NAME, DIRECTOR_ID) values (1, 'Location', 'School', 1);
insert into PUBLIC.SCHOOL (ID, LOCATION, NAME, DIRECTOR_ID) values (2, 'Location', 'School', 2);
insert into PUBLIC.SCHOOL (ID, LOCATION, NAME, DIRECTOR_ID) values (3, 'Location', 'School', 3);
insert into PUBLIC.SCHOOL (ID, LOCATION, NAME, DIRECTOR_ID) values (4, 'Location', 'School', 4);
insert into PUBLIC.SCHOOL (ID, LOCATION, NAME, DIRECTOR_ID) values (5, 'Location0', 'School', 5);
insert into PUBLIC.SCHOOL (ID, LOCATION, NAME, DIRECTOR_ID) values (6, 'Location', 'School', 6);
insert into PUBLIC.SCHOOL (ID, LOCATION, NAME, DIRECTOR_ID) values (7, 'Location', 'School', 7);
insert into PUBLIC.SCHOOL (ID, LOCATION, NAME, DIRECTOR_ID) values (8, 'Location', 'School', 8);
insert into PUBLIC.SCHOOL (ID, LOCATION, NAME, DIRECTOR_ID) values (9, 'Location', 'School', 9);
insert into PUBLIC.SCHOOL (ID, LOCATION, NAME, DIRECTOR_ID) values (10, 'Location', 'School', 10);
insert into PUBLIC.SCHOOL (ID, LOCATION, NAME, DIRECTOR_ID) values (11, 'Location', 'School', 11);
insert into PUBLIC.SCHOOL (ID, LOCATION, NAME, DIRECTOR_ID) values (12, 'Location', 'School', 12);
insert into PUBLIC.SCHOOL (ID, LOCATION, NAME, DIRECTOR_ID) values (13, 'Location', 'School', 13);
insert into PUBLIC.SCHOOL (ID, LOCATION, NAME, DIRECTOR_ID) values (14, 'Location', 'School', 14);
insert into PUBLIC.SCHOOL (ID, LOCATION, NAME, DIRECTOR_ID) values (15, 'Location', 'School', 15);
insert into PUBLIC.SCHOOL (ID, LOCATION, NAME, DIRECTOR_ID) values (16, 'Location', 'School', 16);
insert into PUBLIC.SCHOOL (ID, LOCATION, NAME, DIRECTOR_ID) values (17, 'Location', 'School', 17);
insert into PUBLIC.SCHOOL (ID, LOCATION, NAME, DIRECTOR_ID) values (18, 'Location', 'School', 18);
insert into PUBLIC.SCHOOL (ID, LOCATION, NAME, DIRECTOR_ID) values (19, 'Location', 'School', 19);
insert into PUBLIC.SCHOOL (ID, LOCATION, NAME, DIRECTOR_ID) values (20, 'Location', 'School', 20);
insert into PUBLIC.SCHOOL (ID, LOCATION, NAME, DIRECTOR_ID) values (21, 'Location', 'School', 21);
insert into PUBLIC.SCHOOL (ID, LOCATION, NAME, DIRECTOR_ID) values (22, 'Location', 'School', 22);
insert into PUBLIC.SCHOOL (ID, LOCATION, NAME, DIRECTOR_ID) values (23, 'Location', 'School', 23);
insert into PUBLIC.SCHOOL (ID, LOCATION, NAME, DIRECTOR_ID) values (24, 'Location', 'School', 24);
insert into PUBLIC.SCHOOL (ID, LOCATION, NAME, DIRECTOR_ID) values (25, 'Location', 'School', 25);
insert into PUBLIC.SCHOOL (ID, LOCATION, NAME, DIRECTOR_ID) values (26, 'Location', 'School', 26);
insert into PUBLIC.SCHOOL (ID, LOCATION, NAME, DIRECTOR_ID) values (27, 'Location', 'School', 27);
insert into PUBLIC.SCHOOL (ID, LOCATION, NAME, DIRECTOR_ID) values (28, 'Location', 'School', 28);
insert into PUBLIC.TEACHER (ID, NAME, SCHOOL_ID) values (1, 'TeacherB', 1);
insert into PUBLIC.TEACHER (ID, NAME, SCHOOL_ID) values (2, 'TeacherA', 1);
insert into PUBLIC.TEACHER (ID, NAME, SCHOOL_ID) values (3, 'TeacherB', 2);
insert into PUBLIC.TEACHER (ID, NAME, SCHOOL_ID) values (4, 'TeacherA', 2);
insert into PUBLIC.TEACHER (ID, NAME, SCHOOL_ID) values (5, 'TeacherB', 3);
insert into PUBLIC.TEACHER (ID, NAME, SCHOOL_ID) values (6, 'TeacherA', 3);
insert into PUBLIC.TEACHER (ID, NAME, SCHOOL_ID) values (7, 'TeacherB', 4);
insert into PUBLIC.TEACHER (ID, NAME, SCHOOL_ID) values (8, 'TeacherA', 4);
insert into PUBLIC.TEACHER (ID, NAME, SCHOOL_ID) values (9, 'TeacherB', 5);
insert into PUBLIC.TEACHER (ID, NAME, SCHOOL_ID) values (10, 'TeacherA', 5);
insert into PUBLIC.TEACHER (ID, NAME, SCHOOL_ID) values (11, 'TeacherB', 6);
insert into PUBLIC.TEACHER (ID, NAME, SCHOOL_ID) values (12, 'TeacherA', 6);
insert into PUBLIC.TEACHER (ID, NAME, SCHOOL_ID) values (13, 'TeacherB', 7);
insert into PUBLIC.TEACHER (ID, NAME, SCHOOL_ID) values (14, 'TeacherA', 7);
insert into PUBLIC.TEACHER (ID, NAME, SCHOOL_ID) values (15, 'TeacherB', 8);
insert into PUBLIC.TEACHER (ID, NAME, SCHOOL_ID) values (16, 'TeacherA', 8);
insert into PUBLIC.TEACHER (ID, NAME, SCHOOL_ID) values (17, 'TeacherB', 9);
insert into PUBLIC.TEACHER (ID, NAME, SCHOOL_ID) values (18, 'TeacherA', 9);
insert into PUBLIC.TEACHER (ID, NAME, SCHOOL_ID) values (19, 'TeacherB', 10);
insert into PUBLIC.TEACHER (ID, NAME, SCHOOL_ID) values (20, 'TeacherA', 10);
insert into PUBLIC.TEACHER (ID, NAME, SCHOOL_ID) values (21, 'TeacherB', 11);
insert into PUBLIC.TEACHER (ID, NAME, SCHOOL_ID) values (22, 'TeacherA', 11);
insert into PUBLIC.TEACHER (ID, NAME, SCHOOL_ID) values (23, 'TeacherB', 12);
insert into PUBLIC.TEACHER (ID, NAME, SCHOOL_ID) values (24, 'TeacherA', 12);
insert into PUBLIC.TEACHER (ID, NAME, SCHOOL_ID) values (25, 'TeacherB', 13);
insert into PUBLIC.TEACHER (ID, NAME, SCHOOL_ID) values (26, 'TeacherA', 13);
insert into PUBLIC.TEACHER (ID, NAME, SCHOOL_ID) values (27, 'TeacherB', 14);
insert into PUBLIC.TEACHER (ID, NAME, SCHOOL_ID) values (28, 'TeacherA', 14);
insert into PUBLIC.TEACHER (ID, NAME, SCHOOL_ID) values (29, 'TeacherB', 15);
insert into PUBLIC.TEACHER (ID, NAME, SCHOOL_ID) values (30, 'TeacherA', 15);
insert into PUBLIC.TEACHER (ID, NAME, SCHOOL_ID) values (31, 'TeacherB', 16);
insert into PUBLIC.TEACHER (ID, NAME, SCHOOL_ID) values (32, 'TeacherA', 16);
insert into PUBLIC.TEACHER (ID, NAME, SCHOOL_ID) values (33, 'TeacherB', 17);
insert into PUBLIC.TEACHER (ID, NAME, SCHOOL_ID) values (34, 'TeacherA', 17);
insert into PUBLIC.TEACHER (ID, NAME, SCHOOL_ID) values (35, 'TeacherB', 18);
insert into PUBLIC.TEACHER (ID, NAME, SCHOOL_ID) values (36, 'TeacherA', 18);
insert into PUBLIC.TEACHER (ID, NAME, SCHOOL_ID) values (37, 'TeacherB', 19);
insert into PUBLIC.TEACHER (ID, NAME, SCHOOL_ID) values (38, 'TeacherA', 19);
insert into PUBLIC.TEACHER (ID, NAME, SCHOOL_ID) values (39, 'TeacherB', 20);
insert into PUBLIC.TEACHER (ID, NAME, SCHOOL_ID) values (40, 'TeacherA', 20);
insert into PUBLIC.TEACHER (ID, NAME, SCHOOL_ID) values (41, 'TeacherB', 21);
insert into PUBLIC.TEACHER (ID, NAME, SCHOOL_ID) values (42, 'TeacherA', 21);
insert into PUBLIC.TEACHER (ID, NAME, SCHOOL_ID) values (43, 'TeacherB', 22);
insert into PUBLIC.TEACHER (ID, NAME, SCHOOL_ID) values (44, 'TeacherA', 22);
insert into PUBLIC.TEACHER (ID, NAME, SCHOOL_ID) values (45, 'TeacherB', 23);
insert into PUBLIC.TEACHER (ID, NAME, SCHOOL_ID) values (46, 'TeacherA', 23);
insert into PUBLIC.TEACHER (ID, NAME, SCHOOL_ID) values (47, 'TeacherB', 24);
insert into PUBLIC.TEACHER (ID, NAME, SCHOOL_ID) values (48, 'TeacherA', 24);
insert into PUBLIC.TEACHER (ID, NAME, SCHOOL_ID) values (49, 'TeacherB', 25);
insert into PUBLIC.TEACHER (ID, NAME, SCHOOL_ID) values (50, 'TeacherA', 25);
insert into PUBLIC.TEACHER (ID, NAME, SCHOOL_ID) values (51, 'TeacherB', 26);
insert into PUBLIC.TEACHER (ID, NAME, SCHOOL_ID) values (52, 'TeacherA', 26);
insert into PUBLIC.TEACHER (ID, NAME, SCHOOL_ID) values (53, 'TeacherB', 27);
insert into PUBLIC.TEACHER (ID, NAME, SCHOOL_ID) values (54, 'TeacherA', 27);
insert into PUBLIC.TEACHER (ID, NAME, SCHOOL_ID) values (55, 'TeacherB', 28);
insert into PUBLIC.TEACHER (ID, NAME, SCHOOL_ID) values (56, 'TeacherA', 28);
insert into PUBLIC.SCHOOL_PROPERTIES (SCHOOL_ID, PROPERTIES, PROPERTIES_KEY) values (1, '1', 'RANK');
insert into PUBLIC.SCHOOL_PROPERTIES (SCHOOL_ID, PROPERTIES, PROPERTIES_KEY) values (1, '10', 'SIZE');
insert into PUBLIC.SCHOOL_PROPERTIES (SCHOOL_ID, PROPERTIES, PROPERTIES_KEY) values (1, 'public', 'TYPE');
insert into PUBLIC.SCHOOL_PROPERTIES (SCHOOL_ID, PROPERTIES, PROPERTIES_KEY) values (2, '1', 'RANK');
insert into PUBLIC.SCHOOL_PROPERTIES (SCHOOL_ID, PROPERTIES, PROPERTIES_KEY) values (2, '10', 'SIZE');
insert into PUBLIC.SCHOOL_PROPERTIES (SCHOOL_ID, PROPERTIES, PROPERTIES_KEY) values (2, 'public', 'TYPE');
insert into PUBLIC.SCHOOL_PROPERTIES (SCHOOL_ID, PROPERTIES, PROPERTIES_KEY) values (3, '1', 'RANK');
insert into PUBLIC.SCHOOL_PROPERTIES (SCHOOL_ID, PROPERTIES, PROPERTIES_KEY) values (3, '10', 'SIZE');
insert into PUBLIC.SCHOOL_PROPERTIES (SCHOOL_ID, PROPERTIES, PROPERTIES_KEY) values (3, 'public', 'TYPE');
insert into PUBLIC.SCHOOL_PROPERTIES (SCHOOL_ID, PROPERTIES, PROPERTIES_KEY) values (4, '1', 'RANK');
insert into PUBLIC.SCHOOL_PROPERTIES (SCHOOL_ID, PROPERTIES, PROPERTIES_KEY) values (4, '10', 'SIZE');
insert into PUBLIC.SCHOOL_PROPERTIES (SCHOOL_ID, PROPERTIES, PROPERTIES_KEY) values (4, 'public', 'TYPE');
insert into PUBLIC.SCHOOL_PROPERTIES (SCHOOL_ID, PROPERTIES, PROPERTIES_KEY) values (5, '1', 'RANK');
insert into PUBLIC.SCHOOL_PROPERTIES (SCHOOL_ID, PROPERTIES, PROPERTIES_KEY) values (5, '10', 'SIZE');
insert into PUBLIC.SCHOOL_PROPERTIES (SCHOOL_ID, PROPERTIES, PROPERTIES_KEY) values (5, 'public', 'TYPE');
insert into PUBLIC.SCHOOL_PROPERTIES (SCHOOL_ID, PROPERTIES, PROPERTIES_KEY) values (6, '1', 'RANK');
insert into PUBLIC.SCHOOL_PROPERTIES (SCHOOL_ID, PROPERTIES, PROPERTIES_KEY) values (6, '10', 'SIZE');
insert into PUBLIC.SCHOOL_PROPERTIES (SCHOOL_ID, PROPERTIES, PROPERTIES_KEY) values (6, 'public', 'TYPE');
insert into PUBLIC.SCHOOL_PROPERTIES (SCHOOL_ID, PROPERTIES, PROPERTIES_KEY) values (7, '1', 'RANK');
insert into PUBLIC.SCHOOL_PROPERTIES (SCHOOL_ID, PROPERTIES, PROPERTIES_KEY) values (7, '10', 'SIZE');
insert into PUBLIC.SCHOOL_PROPERTIES (SCHOOL_ID, PROPERTIES, PROPERTIES_KEY) values (7, 'public', 'TYPE');
insert into PUBLIC.SCHOOL_PROPERTIES (SCHOOL_ID, PROPERTIES, PROPERTIES_KEY) values (8, '1', 'RANK');
insert into PUBLIC.SCHOOL_PROPERTIES (SCHOOL_ID, PROPERTIES, PROPERTIES_KEY) values (8, '10', 'SIZE');
insert into PUBLIC.SCHOOL_PROPERTIES (SCHOOL_ID, PROPERTIES, PROPERTIES_KEY) values (8, 'public', 'TYPE');
insert into PUBLIC.SCHOOL_PROPERTIES (SCHOOL_ID, PROPERTIES, PROPERTIES_KEY) values (9, '1', 'RANK');
insert into PUBLIC.SCHOOL_PROPERTIES (SCHOOL_ID, PROPERTIES, PROPERTIES_KEY) values (9, '10', 'SIZE');
insert into PUBLIC.SCHOOL_PROPERTIES (SCHOOL_ID, PROPERTIES, PROPERTIES_KEY) values (9, 'public', 'TYPE');
insert into PUBLIC.SCHOOL_PROPERTIES (SCHOOL_ID, PROPERTIES, PROPERTIES_KEY) values (10, '1', 'RANK');
insert into PUBLIC.SCHOOL_PROPERTIES (SCHOOL_ID, PROPERTIES, PROPERTIES_KEY) values (10, '10', 'SIZE');
insert into PUBLIC.SCHOOL_PROPERTIES (SCHOOL_ID, PROPERTIES, PROPERTIES_KEY) values (10, 'public', 'TYPE');
insert into PUBLIC.SCHOOL_PROPERTIES (SCHOOL_ID, PROPERTIES, PROPERTIES_KEY) values (11, '1', 'RANK');
insert into PUBLIC.SCHOOL_PROPERTIES (SCHOOL_ID, PROPERTIES, PROPERTIES_KEY) values (11, '10', 'SIZE');
insert into PUBLIC.SCHOOL_PROPERTIES (SCHOOL_ID, PROPERTIES, PROPERTIES_KEY) values (11, 'public', 'TYPE');
insert into PUBLIC.SCHOOL_PROPERTIES (SCHOOL_ID, PROPERTIES, PROPERTIES_KEY) values (12, '1', 'RANK');
insert into PUBLIC.SCHOOL_PROPERTIES (SCHOOL_ID, PROPERTIES, PROPERTIES_KEY) values (12, '10', 'SIZE');
insert into PUBLIC.SCHOOL_PROPERTIES (SCHOOL_ID, PROPERTIES, PROPERTIES_KEY) values (12, 'public', 'TYPE');
insert into PUBLIC.SCHOOL_PROPERTIES (SCHOOL_ID, PROPERTIES, PROPERTIES_KEY) values (13, '1', 'RANK');
insert into PUBLIC.SCHOOL_PROPERTIES (SCHOOL_ID, PROPERTIES, PROPERTIES_KEY) values (13, '10', 'SIZE');
insert into PUBLIC.SCHOOL_PROPERTIES (SCHOOL_ID, PROPERTIES, PROPERTIES_KEY) values (13, 'public', 'TYPE');
insert into PUBLIC.SCHOOL_PROPERTIES (SCHOOL_ID, PROPERTIES, PROPERTIES_KEY) values (14, '1', 'RANK');
insert into PUBLIC.SCHOOL_PROPERTIES (SCHOOL_ID, PROPERTIES, PROPERTIES_KEY) values (14, '10', 'SIZE');
insert into PUBLIC.SCHOOL_PROPERTIES (SCHOOL_ID, PROPERTIES, PROPERTIES_KEY) values (14, 'public', 'TYPE');
insert into PUBLIC.SCHOOL_PROPERTIES (SCHOOL_ID, PROPERTIES, PROPERTIES_KEY) values (15, '1', 'RANK');
insert into PUBLIC.SCHOOL_PROPERTIES (SCHOOL_ID, PROPERTIES, PROPERTIES_KEY) values (15, '10', 'SIZE');
insert into PUBLIC.SCHOOL_PROPERTIES (SCHOOL_ID, PROPERTIES, PROPERTIES_KEY) values (15, 'public', 'TYPE');
insert into PUBLIC.SCHOOL_PROPERTIES (SCHOOL_ID, PROPERTIES, PROPERTIES_KEY) values (16, '1', 'RANK');
insert into PUBLIC.SCHOOL_PROPERTIES (SCHOOL_ID, PROPERTIES, PROPERTIES_KEY) values (16, '10', 'SIZE');
insert into PUBLIC.SCHOOL_PROPERTIES (SCHOOL_ID, PROPERTIES, PROPERTIES_KEY) values (16, 'public', 'TYPE');
insert into PUBLIC.SCHOOL_PROPERTIES (SCHOOL_ID, PROPERTIES, PROPERTIES_KEY) values (17, '1', 'RANK');
insert into PUBLIC.SCHOOL_PROPERTIES (SCHOOL_ID, PROPERTIES, PROPERTIES_KEY) values (17, '10', 'SIZE');
insert into PUBLIC.SCHOOL_PROPERTIES (SCHOOL_ID, PROPERTIES, PROPERTIES_KEY) values (17, 'public', 'TYPE');
insert into PUBLIC.SCHOOL_PROPERTIES (SCHOOL_ID, PROPERTIES, PROPERTIES_KEY) values (18, '1', 'RANK');
insert into PUBLIC.SCHOOL_PROPERTIES (SCHOOL_ID, PROPERTIES, PROPERTIES_KEY) values (18, '10', 'SIZE');
insert into PUBLIC.SCHOOL_PROPERTIES (SCHOOL_ID, PROPERTIES, PROPERTIES_KEY) values (18, 'public', 'TYPE');
insert into PUBLIC.SCHOOL_PROPERTIES (SCHOOL_ID, PROPERTIES, PROPERTIES_KEY) values (19, '1', 'RANK');
insert into PUBLIC.SCHOOL_PROPERTIES (SCHOOL_ID, PROPERTIES, PROPERTIES_KEY) values (19, '10', 'SIZE');
insert into PUBLIC.SCHOOL_PROPERTIES (SCHOOL_ID, PROPERTIES, PROPERTIES_KEY) values (19, 'public', 'TYPE');
insert into PUBLIC.SCHOOL_PROPERTIES (SCHOOL_ID, PROPERTIES, PROPERTIES_KEY) values (20, '1', 'RANK');
insert into PUBLIC.SCHOOL_PROPERTIES (SCHOOL_ID, PROPERTIES, PROPERTIES_KEY) values (20, '10', 'SIZE');
insert into PUBLIC.SCHOOL_PROPERTIES (SCHOOL_ID, PROPERTIES, PROPERTIES_KEY) values (20, 'public', 'TYPE');
insert into PUBLIC.SCHOOL_PROPERTIES (SCHOOL_ID, PROPERTIES, PROPERTIES_KEY) values (21, '1', 'RANK');
insert into PUBLIC.SCHOOL_PROPERTIES (SCHOOL_ID, PROPERTIES, PROPERTIES_KEY) values (21, '10', 'SIZE');
insert into PUBLIC.SCHOOL_PROPERTIES (SCHOOL_ID, PROPERTIES, PROPERTIES_KEY) values (21, 'public', 'TYPE');
insert into PUBLIC.SCHOOL_PROPERTIES (SCHOOL_ID, PROPERTIES, PROPERTIES_KEY) values (22, '1', 'RANK');
insert into PUBLIC.SCHOOL_PROPERTIES (SCHOOL_ID, PROPERTIES, PROPERTIES_KEY) values (22, '10', 'SIZE');
insert into PUBLIC.SCHOOL_PROPERTIES (SCHOOL_ID, PROPERTIES, PROPERTIES_KEY) values (22, 'public', 'TYPE');
insert into PUBLIC.SCHOOL_PROPERTIES (SCHOOL_ID, PROPERTIES, PROPERTIES_KEY) values (23, '1', 'RANK');
insert into PUBLIC.SCHOOL_PROPERTIES (SCHOOL_ID, PROPERTIES, PROPERTIES_KEY) values (23, '10', 'SIZE');
insert into PUBLIC.SCHOOL_PROPERTIES (SCHOOL_ID, PROPERTIES, PROPERTIES_KEY) values (23, 'public', 'TYPE');
insert into PUBLIC.SCHOOL_PROPERTIES (SCHOOL_ID, PROPERTIES, PROPERTIES_KEY) values (24, '1', 'RANK');
insert into PUBLIC.SCHOOL_PROPERTIES (SCHOOL_ID, PROPERTIES, PROPERTIES_KEY) values (24, '10', 'SIZE');
insert into PUBLIC.SCHOOL_PROPERTIES (SCHOOL_ID, PROPERTIES, PROPERTIES_KEY) values (24, 'public', 'TYPE');
insert into PUBLIC.SCHOOL_PROPERTIES (SCHOOL_ID, PROPERTIES, PROPERTIES_KEY) values (25, '1', 'RANK');
insert into PUBLIC.SCHOOL_PROPERTIES (SCHOOL_ID, PROPERTIES, PROPERTIES_KEY) values (25, '10', 'SIZE');
insert into PUBLIC.SCHOOL_PROPERTIES (SCHOOL_ID, PROPERTIES, PROPERTIES_KEY) values (25, 'public', 'TYPE');
insert into PUBLIC.SCHOOL_PROPERTIES (SCHOOL_ID, PROPERTIES, PROPERTIES_KEY) values (26, '1', 'RANK');
insert into PUBLIC.SCHOOL_PROPERTIES (SCHOOL_ID, PROPERTIES, PROPERTIES_KEY) values (26, '10', 'SIZE');
insert into PUBLIC.SCHOOL_PROPERTIES (SCHOOL_ID, PROPERTIES, PROPERTIES_KEY) values (26, 'public', 'TYPE');
insert into PUBLIC.SCHOOL_PROPERTIES (SCHOOL_ID, PROPERTIES, PROPERTIES_KEY) values (27, '1', 'RANK');
insert into PUBLIC.SCHOOL_PROPERTIES (SCHOOL_ID, PROPERTIES, PROPERTIES_KEY) values (27, '10', 'SIZE');
insert into PUBLIC.SCHOOL_PROPERTIES (SCHOOL_ID, PROPERTIES, PROPERTIES_KEY) values (27, 'public', 'TYPE');
insert into PUBLIC.SCHOOL_PROPERTIES (SCHOOL_ID, PROPERTIES, PROPERTIES_KEY) values (28, '1', 'RANK');
insert into PUBLIC.SCHOOL_PROPERTIES (SCHOOL_ID, PROPERTIES, PROPERTIES_KEY) values (28, '10', 'SIZE');
insert into PUBLIC.SCHOOL_PROPERTIES (SCHOOL_ID, PROPERTIES, PROPERTIES_KEY) values (28, 'public', 'TYPE');
insert into PUBLIC.STUDENT (ID, NAME) values (1, 'StudentB');
insert into PUBLIC.STUDENT (ID, NAME) values (2, 'StudentA');
insert into PUBLIC.STUDENT (ID, NAME) values (3, 'StudentB');
insert into PUBLIC.STUDENT (ID, NAME) values (4, 'StudentA');
insert into PUBLIC.STUDENT (ID, NAME) values (5, 'StudentB');
insert into PUBLIC.STUDENT (ID, NAME) values (6, 'StudentA');
insert into PUBLIC.STUDENT (ID, NAME) values (7, 'StudentB');
insert into PUBLIC.STUDENT (ID, NAME) values (8, 'StudentA');
insert into PUBLIC.STUDENT (ID, NAME) values (9, 'StudentB');
insert into PUBLIC.STUDENT (ID, NAME) values (10, 'StudentA');
insert into PUBLIC.STUDENT (ID, NAME) values (11, 'StudentB');
insert into PUBLIC.STUDENT (ID, NAME) values (12, 'StudentA');
insert into PUBLIC.STUDENT (ID, NAME) values (13, 'StudentB');
insert into PUBLIC.STUDENT (ID, NAME) values (14, 'StudentA');
insert into PUBLIC.STUDENT (ID, NAME) values (15, 'StudentB');
insert into PUBLIC.STUDENT (ID, NAME) values (16, 'StudentA');
insert into PUBLIC.STUDENT (ID, NAME) values (17, 'StudentB');
insert into PUBLIC.STUDENT (ID, NAME) values (18, 'StudentA');
insert into PUBLIC.STUDENT (ID, NAME) values (19, 'StudentB');
insert into PUBLIC.STUDENT (ID, NAME) values (20, 'StudentA');
insert into PUBLIC.STUDENT (ID, NAME) values (21, 'StudentB');
insert into PUBLIC.STUDENT (ID, NAME) values (22, 'StudentA');
insert into PUBLIC.STUDENT (ID, NAME) values (23, 'StudentB');
insert into PUBLIC.STUDENT (ID, NAME) values (24, 'StudentA');
insert into PUBLIC.STUDENT (ID, NAME) values (25, 'StudentB');
insert into PUBLIC.STUDENT (ID, NAME) values (26, 'StudentA');
insert into PUBLIC.STUDENT (ID, NAME) values (27, 'StudentB');
insert into PUBLIC.STUDENT (ID, NAME) values (28, 'StudentA');
insert into PUBLIC.STUDENT (ID, NAME) values (29, 'StudentB');
insert into PUBLIC.STUDENT (ID, NAME) values (30, 'StudentA');
insert into PUBLIC.STUDENT (ID, NAME) values (31, 'StudentB');
insert into PUBLIC.STUDENT (ID, NAME) values (32, 'StudentA');
insert into PUBLIC.STUDENT (ID, NAME) values (33, 'StudentB');
insert into PUBLIC.STUDENT (ID, NAME) values (34, 'StudentA');
insert into PUBLIC.STUDENT (ID, NAME) values (35, 'StudentB');
insert into PUBLIC.STUDENT (ID, NAME) values (36, 'StudentA');
insert into PUBLIC.STUDENT (ID, NAME) values (37, 'StudentB');
insert into PUBLIC.STUDENT (ID, NAME) values (38, 'StudentA');
insert into PUBLIC.STUDENT (ID, NAME) values (39, 'StudentB');
insert into PUBLIC.STUDENT (ID, NAME) values (40, 'StudentA');
insert into PUBLIC.STUDENT (ID, NAME) values (41, 'StudentB');
insert into PUBLIC.STUDENT (ID, NAME) values (42, 'StudentA');
insert into PUBLIC.STUDENT (ID, NAME) values (43, 'StudentB');
insert into PUBLIC.STUDENT (ID, NAME) values (44, 'StudentA');
insert into PUBLIC.STUDENT (ID, NAME) values (45, 'StudentB');
insert into PUBLIC.STUDENT (ID, NAME) values (46, 'StudentA');
insert into PUBLIC.STUDENT (ID, NAME) values (47, 'StudentB');
insert into PUBLIC.STUDENT (ID, NAME) values (48, 'StudentA');
insert into PUBLIC.STUDENT (ID, NAME) values (49, 'StudentB');
insert into PUBLIC.STUDENT (ID, NAME) values (50, 'StudentA');
insert into PUBLIC.STUDENT (ID, NAME) values (51, 'StudentB');
insert into PUBLIC.STUDENT (ID, NAME) values (52, 'StudentA');
insert into PUBLIC.STUDENT (ID, NAME) values (53, 'StudentB');
insert into PUBLIC.STUDENT (ID, NAME) values (54, 'StudentA');
insert into PUBLIC.STUDENT (ID, NAME) values (55, 'StudentB');
insert into PUBLIC.STUDENT (ID, NAME) values (56, 'StudentA');
insert into PUBLIC.SCHOOL_STUDENT (SCHOOL_ID, STUDENT_ID) values (1, 1);
insert into PUBLIC.SCHOOL_STUDENT (SCHOOL_ID, STUDENT_ID) values (1, 2);
insert into PUBLIC.SCHOOL_STUDENT (SCHOOL_ID, STUDENT_ID) values (2, 3);
insert into PUBLIC.SCHOOL_STUDENT (SCHOOL_ID, STUDENT_ID) values (2, 4);
insert into PUBLIC.SCHOOL_STUDENT (SCHOOL_ID, STUDENT_ID) values (3, 5);
insert into PUBLIC.SCHOOL_STUDENT (SCHOOL_ID, STUDENT_ID) values (3, 6);
insert into PUBLIC.SCHOOL_STUDENT (SCHOOL_ID, STUDENT_ID) values (4, 7);
insert into PUBLIC.SCHOOL_STUDENT (SCHOOL_ID, STUDENT_ID) values (4, 8);
insert into PUBLIC.SCHOOL_STUDENT (SCHOOL_ID, STUDENT_ID) values (5, 9);
insert into PUBLIC.SCHOOL_STUDENT (SCHOOL_ID, STUDENT_ID) values (5, 10);
insert into PUBLIC.SCHOOL_STUDENT (SCHOOL_ID, STUDENT_ID) values (6, 11);
insert into PUBLIC.SCHOOL_STUDENT (SCHOOL_ID, STUDENT_ID) values (6, 12);
insert into PUBLIC.SCHOOL_STUDENT (SCHOOL_ID, STUDENT_ID) values (7, 13);
insert into PUBLIC.SCHOOL_STUDENT (SCHOOL_ID, STUDENT_ID) values (7, 14);
insert into PUBLIC.SCHOOL_STUDENT (SCHOOL_ID, STUDENT_ID) values (8, 15);
insert into PUBLIC.SCHOOL_STUDENT (SCHOOL_ID, STUDENT_ID) values (8, 16);
insert into PUBLIC.SCHOOL_STUDENT (SCHOOL_ID, STUDENT_ID) values (9, 17);
insert into PUBLIC.SCHOOL_STUDENT (SCHOOL_ID, STUDENT_ID) values (9, 18);
insert into PUBLIC.SCHOOL_STUDENT (SCHOOL_ID, STUDENT_ID) values (10, 19);
insert into PUBLIC.SCHOOL_STUDENT (SCHOOL_ID, STUDENT_ID) values (10, 20);
insert into PUBLIC.SCHOOL_STUDENT (SCHOOL_ID, STUDENT_ID) values (11, 21);
insert into PUBLIC.SCHOOL_STUDENT (SCHOOL_ID, STUDENT_ID) values (11, 22);
insert into PUBLIC.SCHOOL_STUDENT (SCHOOL_ID, STUDENT_ID) values (12, 23);
insert into PUBLIC.SCHOOL_STUDENT (SCHOOL_ID, STUDENT_ID) values (12, 24);
insert into PUBLIC.SCHOOL_STUDENT (SCHOOL_ID, STUDENT_ID) values (13, 25);
insert into PUBLIC.SCHOOL_STUDENT (SCHOOL_ID, STUDENT_ID) values (13, 26);
insert into PUBLIC.SCHOOL_STUDENT (SCHOOL_ID, STUDENT_ID) values (14, 27);
insert into PUBLIC.SCHOOL_STUDENT (SCHOOL_ID, STUDENT_ID) values (14, 28);
insert into PUBLIC.SCHOOL_STUDENT (SCHOOL_ID, STUDENT_ID) values (15, 29);
insert into PUBLIC.SCHOOL_STUDENT (SCHOOL_ID, STUDENT_ID) values (15, 30);
insert into PUBLIC.SCHOOL_STUDENT (SCHOOL_ID, STUDENT_ID) values (16, 31);
insert into PUBLIC.SCHOOL_STUDENT (SCHOOL_ID, STUDENT_ID) values (16, 32);
insert into PUBLIC.SCHOOL_STUDENT (SCHOOL_ID, STUDENT_ID) values (17, 33);
insert into PUBLIC.SCHOOL_STUDENT (SCHOOL_ID, STUDENT_ID) values (17, 34);
insert into PUBLIC.SCHOOL_STUDENT (SCHOOL_ID, STUDENT_ID) values (18, 35);
insert into PUBLIC.SCHOOL_STUDENT (SCHOOL_ID, STUDENT_ID) values (18, 36);
insert into PUBLIC.SCHOOL_STUDENT (SCHOOL_ID, STUDENT_ID) values (19, 37);
insert into PUBLIC.SCHOOL_STUDENT (SCHOOL_ID, STUDENT_ID) values (19, 38);
insert into PUBLIC.SCHOOL_STUDENT (SCHOOL_ID, STUDENT_ID) values (20, 39);
insert into PUBLIC.SCHOOL_STUDENT (SCHOOL_ID, STUDENT_ID) values (20, 40);
insert into PUBLIC.SCHOOL_STUDENT (SCHOOL_ID, STUDENT_ID) values (21, 41);
insert into PUBLIC.SCHOOL_STUDENT (SCHOOL_ID, STUDENT_ID) values (21, 42);
insert into PUBLIC.SCHOOL_STUDENT (SCHOOL_ID, STUDENT_ID) values (22, 43);
insert into PUBLIC.SCHOOL_STUDENT (SCHOOL_ID, STUDENT_ID) values (22, 44);
insert into PUBLIC.SCHOOL_STUDENT (SCHOOL_ID, STUDENT_ID) values (23, 45);
insert into PUBLIC.SCHOOL_STUDENT (SCHOOL_ID, STUDENT_ID) values (23, 46);
insert into PUBLIC.SCHOOL_STUDENT (SCHOOL_ID, STUDENT_ID) values (24, 47);
insert into PUBLIC.SCHOOL_STUDENT (SCHOOL_ID, STUDENT_ID) values (24, 48);
insert into PUBLIC.SCHOOL_STUDENT (SCHOOL_ID, STUDENT_ID) values (25, 49);
insert into PUBLIC.SCHOOL_STUDENT (SCHOOL_ID, STUDENT_ID) values (25, 50);
insert into PUBLIC.SCHOOL_STUDENT (SCHOOL_ID, STUDENT_ID) values (26, 51);
insert into PUBLIC.SCHOOL_STUDENT (SCHOOL_ID, STUDENT_ID) values (26, 52);
insert into PUBLIC.SCHOOL_STUDENT (SCHOOL_ID, STUDENT_ID) values (27, 53);
insert into PUBLIC.SCHOOL_STUDENT (SCHOOL_ID, STUDENT_ID) values (27, 54);
insert into PUBLIC.SCHOOL_STUDENT (SCHOOL_ID, STUDENT_ID) values (28, 55);
insert into PUBLIC.SCHOOL_STUDENT (SCHOOL_ID, STUDENT_ID) values (28, 56);
